id,name,slug,about_description,price,images,seo_title,seo_description,created_at,updated_at,category_id,duration,pricing,is_active,seo_keywords,requirements,is_featured,is_hero,tagline,about_significance_text,about_target_audience_text,why_perform_section_title,why_perform_cards,ritual_process_section_title,ritual_steps,ritual_badges,how_it_works,blessings_section_title,blessings_cards,timing_section_title,timing_occasions_list,timing_muhurat_text,testimonials_list,faq_list,theme_color,main_about_title,about_significance_label,about_target_audience_label,testimonials_section_title,about_title,description,significance,significance_title,who_should_perform,who_should_perform_title,why_perform_title,why_perform,process_title,process_steps,process_features,benefits_title,benefits,benefits_cards,timing_title,timing_occasions,timing_muhurat,testimonials_title,testimonials,faq,hero_badge_text,hero_glass_badge_label,hero_glass_badge_value,about_heading,about_subheading,timing_subtitle,footer_title,footer_description,tags
0d757712-e2ea-44e7-a28d-c7a4a2cc3e5d,Durga Puja,durga-puja-deity,"Durga Puja invokes the Shakti that destroyed Mahishasura. It is a powerful ritual for those facing severe opposition, health crises, or those seeking immediate protection from hidden enemies.",4100.00,"[""/pujaimages/durgapuja.png""]",Book Durga Puja Online | Victory & Protection | Mantra Pooja,Crush obstacles and win over enemies with authentic Durga Puja. Performed by expert Shakti scholars. Book now for power and protection.,2026-02-18 09:25:22.29235+00,2026-02-20 07:05:20.607121+00,,,"{""default"": 0}",true,"Durga Puja, Power, Protection, Victory Ritual",,true,false,The Victory of Light Over Darkness,Durga represents the collective power of all dimensions. She is the mother who protects her children from all sides.,"Anyone undergoing litigation, facing strong enemies, or those seeking career breakthroughs.",Why Perform Durga Puja?,"[{""icon"": ""⚔️"", ""title"": ""Enemy Removal"", ""description"": ""Crushes the plans of those who wish you harm.""}, {""icon"": ""🦁"", ""title"": ""Fearlessness"", ""description"": ""Attain the courage of a lioness to face life.""}, {""icon"": ""🔥"", ""title"": ""Quick Results"", ""description"": ""Shakti rituals are known for their fast-acting nature.""}]",Authentic Ritual Process,"[{""step"": ""01"", ""title"": ""Navarna Mantra Jaap"", ""description"": ""Powerful chanting for transformation.""}, {""step"": ""02"", ""title"": ""Devi Mahatmya Path"", ""description"": ""The glory of the warrior goddess.""}, {""step"": ""03"", ""title"": ""Home Delivery of Prasad"", ""description"": ""Mantra-energised items sent to you.""}, {""step"": ""04"", ""title"": ""Purnaahuti"", ""description"": ""The final offering to the sacred fire.""}]","[""Durga Saptashati Path"",""Trident Offering"",""Red Chunari Seva""]",[],Divine Blessings,"[{""icon"": ""💥"", ""title"": ""Power"", ""description"": ""Manifest your true potential in the world.""}, {""icon"": ""🛡️"", ""title"": ""Security"", ""description"": ""Complete protection for your home and lineage.""}]",Best Time,"[""Tuesdays"",""Navratri"",""Durga Ashtami"",""Twilight Hours""]",Navratri and Tuesdays are the peak times for Shakti invocation.,"[{""name"": ""Kavita B."", ""avatar"": ""KB"", ""rating"": 5, ""comment"": ""After the Navarna Jaap, I felt a massive shift in my confidence to handle a difficult court case. Victory was ours."", ""location"": ""Kolkata""}]","[{""answer"": ""For immediate results, we conduct a 3-day intense Nav Durga invocation."", ""question"": ""How many days is this puja?""}, {""answer"": ""Absolutely. Devi is the protection for all her children, regardless of gender."", ""question"": ""Can men perform this?""}]",red,,Spiritual Significance,Who Should Perform?,Roar of the Goddess,,,,,,,,,,,,,"[""Victory in Legal Issues"",""Removal of Negativity"",""Woman Empowerment""]",,,,,,,,Power Ritual,Blessed By,Maa Durga,Ya Devi Sarvabhuteshu,The Universal Mother,Shakti Muhurat,Claim Your Throne,Stop being a victim and become the architect of your own victory.,"[""Power"",""Victory"",""Protection""]"
0ead2de8-5082-4f53-b046-13567f989180,Ram Puja,ram-puja-deity,"Ram Puja is the ritual for those who wish to establish peace, order, and righteousness in their lives. Lord Ram, the Maryada Purushottam, sets the example for perfect character and successful leadership.",2100.00,"[""/pujaimages/rampuja.png""]",Book Ram Puja Online | Family Harmony & Character | Mantra Pooja,Invite the grace of Lord Ram into your home for a life of righteousness and success. Performed by Ayodhya Vedic scholars.,2026-02-18 09:25:22.29235+00,2026-02-20 07:05:20.607121+00,,,"{""default"": 0}",true,"Ram Puja, Character, Family Harmony, Dharma Ritual",,true,false,Embody the Character of the Ideal Human,Ram is the embodiment of Dharma. Worshipping him brings harmony to relationships and respect in society.,"Parents wishing to bless their children, leaders, and those seeking an ideal family life.",Why Perform Ram Puja?,"[{""icon"": ""🏰"", ""title"": ""Ram Rajya"", ""description"": ""Establishes order and prosperity in your surroundings.""}, {""icon"": ""🏹"", ""title"": ""Integrity"", ""description"": ""Strengthens your moral compass and public reputation.""}, {""icon"": ""🤝"", ""title"": ""Ideal Bonds"", ""description"": ""Harmonizes parent-child and husband-wife relationships.""}]",Authentic Ritual Process,"[{""step"": ""01"", ""title"": ""Ram Parivaar Puja"", ""description"": ""Worshipping the entire family for unity.""}, {""step"": ""02"", ""title"": ""Ram Kavach"", ""description"": ""Establishing a protective ring of mantras.""}, {""step"": ""03"", ""title"": ""Valmiki Ramayana Path"", ""description"": ""Recitation of core verses.""}, {""step"": ""04"", ""title"": ""Mangal Aarti"", ""description"": ""Praying for the welfare of all.""}]","[""Ram Raksha Stotra"",""Kanak Bhawan Seva"",""Saffron Chant Path""]",[],Divine Blessings,"[{""icon"": ""🌟"", ""title"": ""Respect"", ""description"": ""Gain honor and dignity in your community.""}, {""icon"": ""🛡️"", ""title"": ""Right Conduct"", ""description"": ""Receive the grace to always choose the right path.""}]",Best Time,"[""Sundays"",""Ram Navami"",""Pushya Nakshatra"",""Early Morning""]",Ram Navami and Sundays are best for deity worship.,"[{""name"": ""Lakshman R."", ""avatar"": ""LR"", ""rating"": 5, ""comment"": ""Getting the Ram Puja done directly at Ayodhya through Mantra Pooja was a dream come true for my parents."", ""location"": ""Ayodhya""}]","[{""answer"": ""It instills the values of discipline, truth, and respect, shielding them from modern distractions."", ""question"": ""How does Ram Puja help children?""}, {""answer"": ""Ram Rajya is the ideal of global peace. Such mass pujas are common for universal welfare."", ""question"": ""Can I perform this for my country?""}]",saffron,,Spiritual Significance,Who Should Perform?,Legacy of Ayodhya,,,,,,,,,,,,,"[""Character Strength"",""Family Ideals"",""Social Success""]",,,,,,,,Righteousness Ritual,Blessed By,Shri Ram,Ramo Vigrahavan Dharmah,The Ideal Sovereign,Ayodhya Muhurat,Uphold the Truth,Become a leader whom the world respects and destiny follows.,"[""Peace"",""Harmony"",""Family""]"
10400aa2-eebc-4fb6-bf92-797a62f29e55,Rahu Ketu Shanti,rahu-ketu-shanti,"Rahu and Ketu are node planets that cause sudden, unexpected events. Rahu creates illusions and material obsession, while Ketu causes detachment and mystery. This shanti balances their extreme effects, granting clarity and protection from sudden falls from grace.",4101.00,,Book Rahu Ketu Shanti Online | Protect Against Sudden Life Shifts | Mantra Pooja,Balance the shadow planets with authentic Rahu Ketu Shanti. Neutralize bad luck and sudden disasters. Performed by advanced Vedic scholars.,2026-02-18 09:43:18.098994+00,2026-02-20 07:05:20.607121+00,,,"{""default"": 0}",true,"Rahu Ketu Puja, Shadow Planets, Sudden Bad Luck, Mental Clarity",,false,false,Neutralize Illusions & Sudden Disasters,Rahu is the future (desire) and Ketu is the past (karma). Balancing them allows you to live fully in the present.,"Those undergoing Rahu or Ketu Mahadasha, those in high-stakes politics/business, and those feeling mentally clouded.",Why Perform Rahu Ketu Puja?,"[{""icon"": ""🛡️"", ""title"": ""Scandal Protection"", ""description"": ""Guards against false allegations and sudden reputation loss.""}, {""icon"": ""🩺"", ""title"": ""Mystery Health"", ""description"": ""Helps in diagnosing and curing illnesses that doctors can't explain.""}, {""icon"": ""🎰"", ""title"": ""Turnaround Luck"", ""description"": ""Turns sudden disasters into unexpected opportunities.""}]",Authentic Ritual Process,"[{""step"": ""01"", ""title"": ""Chhaya-Dan"", ""description"": ""Looking at your reflection in oil and offering it to absorb shadow energy.""}, {""step"": ""02"", ""title"": ""Mantra Anushthan"", ""description"": ""18,000 chants for Rahu and 17,000 for Ketu.""}, {""step"": ""03"", ""title"": ""Durva Offering"", ""description"": ""Offering specific grass to pacify Rahu.""}, {""step"": ""04"", ""title"": ""Kuldevi Puja"", ""description"": ""Seeking protection of the family goddess against planetary play.""}]","[""Rahu Mantra Jaap"",""Ketu Shanti Path"",""Coal/Black Sesame Offering""]",[],Divine Blessings,"[{""icon"": ""👁️"", ""title"": ""Clarity"", ""description"": ""See through the lies of others and your own illusions.""}, {""icon"": ""⚡"", ""title"": ""Intuition"", ""description"": ""Gain the power to sense future trends and dangers.""}]",Best Time,"[""Saturdays (Rahu)"",""Tuesdays (Ketu)"",""Eclipse Days""]",Performed during Rahu Kaal or during eclipses for maximum impact.,"[{""name"": ""Sneha P."", ""avatar"": ""SP"", ""rating"": 5, ""comment"": ""During my Rahu Dasha, I was constantly stressed. This shanti helped me find a calm I hadn't felt in months."", ""location"": ""Chennai""}]","[{""answer"": ""Black sesame, lead, mustard oil, and dark colored flowers are key to this ritual."", ""question"": ""What items are used?""}, {""answer"": ""Rahu is the planet of foreign trade and sudden shifts. A balanced Rahu can lead to global success."", ""question"": ""Can this help my career?""}]",black,,Spiritual Significance,Who Should Perform?,Steady the Mind,,,,,,,,,,,,,"[""Mystery Illness Cure"",""Protection from Scandal"",""Sudden Luck""]",,,,,,,,Shadow Planet Remedy,Blessed By,Rahu & Ketu,Ardhakayam Mahaviryam,The Shadow Planets,Chaya Muhurat,Step Out of the Shadows,Control the forces of the unseen and navigate your destiny with confidence.,"[""Planetary Relief"",""Dosha Nivaran"",""Protection""]"
13d2df82-130b-426f-a055-65442e0d10d0,Kaal Sarp Dosh Puja,kaal-sarp-dosh,"Kaal Sarp Dosh occurs when all planets are hemmed between Rahu and Ketu. It can lead to a life of recurring struggles where results are delayed. This puja breaks the 'Kaal' (Time) cycle of failure, allowing the devotee to experience the fruits of their labor.",5500.00,,Book Kaal Sarp Dosh Puja Online | Solve Recurring Life Struggles | Mantra Pooja,Break the planetary bondage with authentic Kaal Sarp Dosh Nivaran. Specialized Trimbakeshwar style rituals. Performed by senior Vedic Acharyas.,2026-02-18 09:43:18.098994+00,2026-02-20 07:05:20.607121+00,,,"{""default"": 0}",true,"Kaal Sarp Dosh, Rahu Ketu Remedy, Career Hurdles, Mental Peace",,true,false,Break the Serpent Cycle of Hurdles,Nagas are the guardians of hidden treasures and subterranean energy. Their blessing is vital for earthly success.,"Those diagnosed with Kaal Sarp in their chart, or those feeling that their life is moving in circles despite hard work.",Why Perform Kaal Sarp Puja?,"[{""icon"": ""🐍"", ""title"": ""Karmic Release"", ""description"": ""Unlocks the energy of other planets suppressed by Rahu-Ketu.""}, {""icon"": ""📈"", ""title"": ""Career Breakthrough"", ""description"": ""Removes the glass ceiling from your professional growth.""}, {""icon"": ""😴"", ""title"": ""Mental Solace"", ""description"": ""Stops bad dreams and reduces constant underlying anxiety.""}]",Authentic Ritual Process,"[{""step"": ""01"", ""title"": ""Nag-Mandala Puja"", ""description"": ""Worshipping the 9 types of celestial snakes.""}, {""step"": ""02"", ""title"": ""Rudra-Snan"", ""description"": ""Special Shiva bath to appease the controller of snakes.""}, {""step"": ""03"", ""title"": ""Nag-Bali (Symbolic)"", ""description"": ""Ritual to release family karmic debts.""}, {""step"": ""04"", ""title"": ""Visarjan"", ""description"": ""Immersion of symbolic silver snakes in flowing water.""}]","[""Naga Puja"",""Sarp Mantra Jaap"",""Milk Abhishekam""]",[],Divine Blessings,"[{""icon"": ""✨"", ""title"": ""Steady Growth"", ""description"": ""Your life starts moving forward without constant setbacks.""}, {""icon"": ""🛡️"", ""title"": ""Family Safety"", ""description"": ""Protects descendants from inheriting similar karmic blocks.""}]",Best Time,"[""Amavasya"",""Nag Panchami"",""Solar or Lunar Eclipse""]",Amavasya is most effective for Kaal Sarp remedies.,"[{""name"": ""Pankaj T."", ""avatar"": ""PT"", ""rating"": 5, ""comment"": ""I had intense bad dreams for years. After the Nasik Kaal Sarp Vidhi through Mantra Pooja, I haven't had a single nightmare."", ""location"": ""Delhi""}]","[{""answer"": ""While preferred, our priests can perform the same high-vibration ritual remotely with a personalized Sankalpam and live stream."", ""question"": ""Do I have to go to Nasik or Trimbakeshwar?""}, {""answer"": ""Yes, for most people, a dedicated Kaal Sarp Shanti is a once-in-a-lifetime requirement."", ""question"": ""Is it a one-time ritual?""}]",black,,Spiritual Significance,Who Should Perform?,Unlocking Destiny,,,,,,,,,,,,,"[""Success in Career"",""Removal of Struggles"",""Peace of Mind""]",,,,,,,,Karmic Remedy,Blessed By,Lord Shiva & Nagas,Anantam Vasukim Shesham,The Serpent of Time,Naga Muhurat,Break the Spiral,Step out of the cycle of struggle and into the field of pure opportunity.,"[""Planetary Relief"",""Dosha Nivaran"",""Protection""]"
13ea2e63-e4cf-4cb1-a539-80babded8569,Chandra Shanti Puja,chandra-shanti-remedy,"The Moon (Chandra) governs our mind, emotions, and relationship with our mother. A weak Moon causes mood swings, depression, or respiratory issues. Chandra Shanti brings emotional stability, intuitive power, and deep mental peace.",2500.00,,Book Chandra Shanti Puja Online | Mental Peace & Emotional Stability | Mantra Pooja,Resolve moon-related anxiety with authentic Chandra Shanti Puja. Ideal for emotional balance and creative growth. Performed by Vedic experts.,2026-02-18 09:43:18.098994+00,2026-02-20 07:05:20.607121+00,,,"{""default"": 0}",true,"Chandra Shanti, Moon Remedy, Anxiety Relief, Mental Peace",,false,false,Calm the Tides of Your Mind & Emotions,Chandra is the Soma (nectar) that nourishes our physical and mental bodies. He is the master of the sub-conscious.,"Those facing anxiety, insomnia, mother-related issues, or those in creative fields needing steady inspiration.",Why Perform Chandra Shanti?,"[{""icon"": ""🧘"", ""title"": ""Emotional Balance"", ""description"": ""Stops the erratic highs and lows of the mind.""}, {""icon"": ""🎨"", ""title"": ""Creative Flow"", ""description"": ""Nurtures the sub-conscious for artistic breakthroughs.""}, {""icon"": ""🛡️"", ""title"": ""Family Peace"", ""description"": ""Improves the health and relationship with the mother.""}]",Authentic Ritual Process,"[{""step"": ""01"", ""title"": ""Soma Puja"", ""description"": ""Worshipping the moon with white sandalwood and curd.""}, {""step"": ""02"", ""title"": ""Pearl/Silver Blessing"", ""description"": ""Energizing items to retain lunar energy.""}, {""step"": ""03"", ""title"": ""Chandra Mantra Jaap"", ""description"": ""11,000 chants for mental pacification.""}, {""step"": ""04"", ""title"": ""Milk Offering"", ""description"": ""Final water/milk offering to the moon at night.""}]","[""Moon Mantra Jaap"",""Milk/Silver Offering"",""White Flower Puja""]",[],Divine Blessings,"[{""icon"": ""✨"", ""title"": ""Sleep & Rest"", ""description"": ""Attain deep, restful sleep and a calm daily demeanor.""}, {""icon"": ""🌟"", ""title"": ""Intuition"", ""description"": ""Develop a sharp gut-feeling for decision making.""}]",Best Time,"[""Mondays"",""Purnima (Full Moon)"",""Sharad Purnima""]",Full Moon nights and Mondays are best for lunar rituals.,"[{""name"": ""Rahul D."", ""avatar"": ""RD"", ""rating"": 5, ""comment"": ""I had high anxiety during Purnima nights. Ever since I did the Chandra Shanti, I feel so much lighter and focused."", ""location"": ""Mumbai""}]","[{""answer"": ""The moon gives the 'mental grip' needed for sustained focus. It also helps in businesses related to liquids and travel."", ""question"": ""How does it help in business?""}, {""answer"": ""After this puja, wearing white on Mondays is highly recommended to sustain the energy."", ""question"": ""What colors should I wear?""}]",white,,Spiritual Significance,Who Should Perform?,The Inner Ocean,,,,,,,,,,,,,"[""Mental Health"",""Mother's Well-being"",""Creative Inspiration""]",,,,,,,,Moon Remedy,Blessed By,Chandra Dev,Dadhi Shankha Tusharabham,The Lord of Emotions,Soma Muhurat,Reflect the Light,Turn your overthinking into deep thinking and your anxiety into peace.,"[""Vedic Ritual"",""Blessings""]"
22757834-7b95-494c-8c81-190f01bbd437,Vishnu Puja,vishnu-puja,"Vishnu Puja is performed for the preservation of health, wealth, and family values. Lord Vishnu provides the support and sustenance needed to navigate the challenges of the material world.",3000.00,"[""/pujaimages/vishnupuja.png""]",Book Vishnu Puja Online | Stability & Family Well-being | Mantra Pooja,Authentic Vishnu Puja by Vedic scholars for stability and protection. Ideal for family prosperity. Includes Vishnu Sahasranama Path.,2026-02-18 09:25:22.29235+00,2026-02-20 07:32:48.9904+00,,,"{""default"": 0}",true,"Vishnu Puja, Stability, Protection, Family Well-being",,true,false,"Maintain Order, Stability & Auspiciousness",Vishnu is the maintainer of Dharma. He ensures that everything in the universe functions in perfect order.,Families seeking long-term stability and those wishing to uphold their moral and material duties.,Why Perform Vishnu Puja?,"[{""icon"": ""🏰"", ""title"": ""Sustenance"", ""description"": ""Ensures constant survival and growth of your lineage.""}, {""icon"": ""🛡️"", ""title"": ""Protection"", ""description"": ""The Sudarshan Chakra guards you from harm.""}, {""icon"": ""⚖️"", ""title"": ""Dharma"", ""description"": ""Helps you stay on the path of truth and righteousness.""}]",Authentic Ritual Process,"[{""step"": ""01"", ""title"": ""Vishnu Avahana"", ""description"": ""Invoking the Lord of the Universe.""}, {""step"": ""02"", ""title"": ""Purusha Sukta"", ""description"": ""Recitation of the primary Vedic hymn to the cosmic person.""}, {""step"": ""03"", ""title"": ""Tulsi Archana"", ""description"": ""Offering the sacred basil leaves.""}, {""step"": ""04"", ""title"": ""Vishram Prarthana"", ""description"": ""Seeking the Lord's rest and grace.""}]","[""Vishnu Sahasranama"",""Tulsi Arpan"",""Yellow Flower Puja""]",[],Divine Blessings,"[{""icon"": ""✨"", ""title"": ""Victory"", ""description"": ""Attain Ashirvada for success in all directions.""}, {""icon"": ""🤝"", ""title"": ""Harmony"", ""description"": ""Establish peace within the family structure.""}]",Best Time,"[""Wednesdays"",""Ekadashi"",""Vaikuntha Chaturdashi"",""Daytime""]",Ekadashi is the supreme day for Vishnu worship.,"[{""name"": ""Sonia G."", ""avatar"": ""SG"", ""rating"": 5, ""comment"": ""Conducting the Vishnu Sahasranama path monthly has brought immense discipline and peace to our household."", ""location"": ""Bangalore""}]","[{""answer"": ""Vaikuntha and Dev-Utthani Ekadashis are the most powerful annual windows."", ""question"": ""What is the best Ekadashi for this?""}, {""answer"": ""Yes, Vishnu is the lord of expansion and material preservation."", ""question"": ""Can I perform this for global success?""}]",blue,,Spiritual Significance,Who Should Perform?,The Pillar of Growth,,,,,,,,,,,,,"[""Family Stability"",""Sustenance"",""Removal of Fear""]",,,,,,,,Stability Ritual,Blessed By,Lord Vishnu,Shantakaram Bhujagashayanam,The Preserver of the Universe,Vishnu Muhurat,Preserve Your Dreams,Align your life with the cosmic order of the preserver of worlds.,"[""Peace"",""Harmony"",""Family""]"
32caf085-15bd-45c2-9e1a-bf1659df2425,Guru Shanti Puja,guru-shanti-remedy,"Jupiter (Guru) is the planet of expansion, wealth, and children. A weak Guru can lead to financial losses or lack of direction. Guru Shanti enhances your luck, clears the path for progeny, and connects you with higher wisdom and noble mentors.",3100.00,,"Book Guru Shanti Puja Online | Wealth, Wisdom & Progeny Blessings | Mantra Pooja",Activate your luck with authentic Guru Shanti Puja. Ideal for wealth expansion and children's welfare. Performed by senior Vedic Acharyas.,2026-02-18 09:43:18.098994+00,2026-02-20 07:05:20.607121+00,,,"{""default"": 0}",true,"Guru Shanti, Jupiter Remedy, Wealth Expansion, Progeny Puja",,false,false,"Expand Your Wisdom, Wealth & Inner Grace",Guru represents the space (Akasha) element. He is the light that removes the darkness of ignorance.,"Students, financial advisors, those seeking to start a family, and anyone feeling a lack of luck.",Why Perform Guru Shanti?,"[{""icon"": ""💰"", ""title"": ""Financial Expansion"", ""description"": ""Unlocks the doors of high-level wealth and prosperity.""}, {""icon"": ""👶"", ""title"": ""Progeny Blessings"", ""description"": ""Removes hurdles in childbirth and growth of children.""}, {""icon"": ""💡"", ""title"": ""True Knowledge"", ""description"": ""Connects you with the right teachers and mentors.""}]",Authentic Ritual Process,"[{""step"": ""01"", ""title"": ""Guru Puja"", ""description"": ""Worshipping the planet with yellow flowers and sandalwood.""}, {""step"": ""02"", ""title"": ""Shri Sukta Havan"", ""description"": ""Connecting Jupiter's energy with Goddess Lakshmi for wealth.""}, {""step"": ""03"", ""title"": ""Yellow Grain Charity"", ""description"": ""Feeding of birds or donation to students.""}, {""step"": ""04"", ""title"": ""Mantra Siddhi"", ""description"": ""19,000 chants to activate the planet of luck.""}]","[""Guru Mantra Jaap"",""Yellow Chana Offering"",""Gold/Citrine Blessing""]",[],Divine Blessings,"[{""icon"": ""🌈"", ""title"": ""Global Fortune"", ""description"": ""Experience a constant flow of opportunities and helpful people.""}, {""icon"": ""✨"", ""title"": ""Prestige"", ""description"": ""Gain honor and respect in your social and professional circles.""}]",Best Time,"[""Thursdays"",""Guru Purnima"",""Akshaya Tritiya""]",Thursdays are the most auspicious day for Jupiter worship.,"[{""name"": ""Ananya J."", ""avatar"": ""AJ"", ""rating"": 5, ""comment"": ""After the Guru Shanti, I finally received my promotion and my relationship with my father improved significantly."", ""location"": ""Hyderabad""}]","[{""answer"": ""Guru is the lord of wisdom. His puja improves retention and deep understanding of subjects."", ""question"": ""How does it help students?""}, {""answer"": ""When Jupiter is in transit to a friendly sign, the results are most profound."", ""question"": ""What is the best month?""}]",yellow,,Spiritual Significance,Who Should Perform?,The Grace of Expansion,,,,,,,,,,,,,"[""Children's Welfare"",""Superior Wisdom"",""Great Wealth""]",,,,,,,,Jupiter Remedy,Blessed By,Lord Brihaspati,Devanam Cha Rishinam Cha,The Master of Gods,Brihaspati Muhurat,Awaken the Master Within,Step into the light of luck and let your life expand beyond its current limits.,"[""Vedic Ritual"",""Blessings""]"
3dac1515-e39e-4377-8daa-fe9bcf53a95f,Graha Shanti Puja,graha-shanti-universal,"Graha Shanti is a comprehensive ritual performed to balance all nine planets simultaneously. It is usually performed during housewarmings, weddings, or when one feels that multiple areas of life (health, wealth, and family) are all simultaneously under stress.",7500.00,,Book Graha Shanti Puja Online | Comprehensive Planetary Balance | Mantra Pooja,The ultimate ritual for overall peace and protection. Balanced all 9 planets for success in all sectors. Performed by senior Vedic scholars.,2026-02-18 09:43:18.098994+00,2026-02-20 07:05:20.607121+00,,,"{""default"": 0}",true,"Graha Shanti, Planetary Balance, Universal Protection, Luck Reset",,true,false,The Complete Shield Against Planetary Disharmony,Life is a symphony of nine planets. This puja ensures that no 'note' is out of tune.,Anyone starting a new phase in life or families facing multiple unexplained hurdles at once.,Why Perform Graha Shanti?,"[{""icon"": ""🛡️"", ""title"": ""Total Coverage"", ""description"": ""Shields your entire family from combined planetary defects.""}, {""icon"": ""🏠"", ""title"": ""Atmosphere Clearing"", ""description"": ""Removes the heavy energy from your living space.""}, {""icon"": ""✨"", ""title"": ""New Start"", ""description"": ""Resets your life frequency for a fresh, auspicious beginning.""}]",Authentic Ritual Process,"[{""step"": ""01"", ""title"": ""Mandala Sthapana"", ""description"": ""Invoking 9 planets into 9 distinct colors/grains.""}, {""step"": ""02"", ""title"": ""Kushmanda Havan"", ""description"": ""A very powerful fire ritual for universal protection.""}, {""step"": ""03"", ""title"": ""Personalized Jaap"", ""description"": ""Priests chant for the specific planets currently causing you trouble.""}, {""step"": ""04"", ""title"": ""Kalash Snapana"", ""description"": ""Bathing the family in mantra-energised water.""}]","[""9 Planet Mandala"",""Mandala Havan"",""Gant-Bandhan Ritual""]",[],Divine Blessings,"[{""icon"": ""🌈"", ""title"": ""Holistic Peace"", ""description"": ""Experience a sense of calmness in every sector of life.""}, {""icon"": ""🌟"", ""title"": ""Luck Reset"", ""description"": ""Your efforts start yielding results more easily than before.""}]",Best Time,"[""Housewarming Day"",""Marriage Day"",""New Year"",""Full Moon""]",Performed during major life transitions for maximum benefit.,"[{""name"": ""Sanjay P."", ""avatar"": ""SP"", ""rating"": 5, ""comment"": ""We did this before moving into our new apartment. The 'feel' of the house is so positive and vibrant."", ""location"": ""Gurgaon""}]","[{""answer"": ""Once a year for house maintenance, or once per major life event (marriage, etc.)."", ""question"": ""How often should this be done?""}, {""answer"": ""Yes, it is the best ritual to ensure the alignment of the founding team's planets."", ""question"": ""Can I do this for my startup?""}]",rainbow,,Spiritual Significance,Who Should Perform?,Universal Harmony,,,,,,,,,,,,,"[""Overall Good Luck"",""Family Protection"",""Atmospheric Peace""]",,,,,,,,Universal Remedy,Blessed By,All 9 Planets,Graha-anaam Phal-daayakam,The Planetary Orchestration,Shanti Muhurat,Reset Your Reality,Harmonize your life with the music of the spheres. Secure your future.,"[""Vedic Ritual"",""Blessings""]"
45b8b578-c4dc-413d-a019-9969c864b3a0,Shiv Puja,shiv-puja,"Shiv Puja is the ultimate ritual for peace, health, and spiritual realization. Lord Shiva, the Auspicious One, destroys the old to make way for the new, bringing balance and stability to his devotees.",2800.00,"[""/pujaimages/shivpuja.png""]","Book Shiv Puja Online | Peace, Health & Spirituality | Mantra Pooja",Experience divine peace with authentic Shiv Puja and Rudrabhishek. Performed by expert Vedic scholars. Book now for spiritual growth.,2026-02-18 09:25:22.29235+00,2026-02-20 07:05:20.607121+00,,,"{""default"": 0}",true,"Shiv Puja, Rudrabhishek, Peace, Spiritual Ritual",,true,false,The Path of Transformation & Divine Peace,Shiva is the infinite consciousness. Worshipping him aligns your individual vibration with the cosmic truth.,"Those seeking spiritual growth, mental peace, or recovery from chronic illnesses.",Why Perform Shiv Puja?,"[{""icon"": ""🕉️"", ""title"": ""Spiritual Growth"", ""description"": ""Accelerates your evolution towards self-realization.""}, {""icon"": ""🩺"", ""title"": ""Healing"", ""description"": ""Supports recovery from deep-seated health issues.""}, {""icon"": ""⚖️"", ""title"": ""Karma Cleansing"", ""description"": ""Dissolves the cycle of past negative actions.""}]",Authentic Ritual Process,"[{""step"": ""01"", ""title"": ""Lingashtakam"", ""description"": ""Glory prayers to the Shiva Linga.""}, {""step"": ""02"", ""title"": ""Panchamrit Snan"", ""description"": ""Bathing with five nectar-like substances.""}, {""step"": ""03"", ""title"": ""Bilva Arpan"", ""description"": ""Offering the sacred three-leafed Bilva.""}, {""step"": ""04"", ""title"": ""Shanti Path"", ""description"": ""Final prayers for universal peace.""}]","[""Rudrabhishek"",""Bilva Patra Offering"",""Maha Mrityunjaya Chanting""]",[],Divine Blessings,"[{""icon"": ""🧘"", ""title"": ""Clarity"", ""description"": ""Attain a calm mind and clear vision.""}, {""icon"": ""⏳"", ""title"": ""Longevity"", ""description"": ""Seek the grace of immortality and long life.""}]",Best Time,"[""Mondays"",""Pradosha Tithi"",""Maha Shivratri"",""Monday Evenings""]",Pradosha and Mondays are best for seeking Shiva's grace.,"[{""name"": ""Amit K."", ""avatar"": ""AK"", ""rating"": 5, ""comment"": ""The Rudrabhishek was conducted with Vedic purity. The vibhuti prasad is amazing."", ""location"": ""Varanasi""}]","[{""answer"": ""Yes, performing Shiv Puja on birthdays is considered extremely auspicious for longevity and prosperity."", ""question"": ""Can I do this on my birthday?""}, {""answer"": ""They represent the three gunas. Offering them means surrendering your ego to the lord."", ""question"": ""What is the importance of Bilva leaves?""}]",blue,,Spiritual Significance,Who Should Perform?,Meditative Grace,,,,,,,,,,,,,"[""Inner Peace"",""Longevity"",""Spiritual Awakening""]",,,,,,,,Transformation Ritual,Blessed By,Mahadev,Om Namah Shivaya,The Lord of Transformation,Mahadev Muhurat,Dissolve Your Limits,Experience the silence of the Himalayas in your own heart through the grace of Shiva.,"[""Vedic Ritual"",""Blessings""]"
4ecc52ba-33bd-46d6-839b-5cccf1087a35,Pitru Dosh Puja,pitru-dosh-parihara,Pitru Dosh signifies unfulfilled desires or pending karmic duties of ancestors that affect the current generation. This puja is an act of deep gratitude and healing that releases ancestors to higher realms and unblocks the flow of biological and spiritual blessings in the family.,6100.00,,Book Pitru Dosh Puja Online | Solve Family & Progeny Issues | Mantra Pooja,Heal ancestral karma with authentic Pitru Dosh Nivaran. Pinda-dan and Tarpana rituals at Gaya and Varanasi. Performed by senior priests.,2026-02-18 09:43:18.098994+00,2026-02-20 07:05:20.607121+00,,,"{""default"": 0}",true,"Pitru Dosh Puja, Ancestral Healing, Pinda Dan, Gaya Puja",,true,false,Heal Your Roots & Honor Your Ancestors,We carry the DNA and karma of our ancestors. Their peace is the foundation of our individual prosperity.,"Families facing issues with children, persistent lineage-based illnesses, or constant household fights.",Why Perform Pitru Dosh Puja?,"[{""icon"": ""👶"", ""title"": ""Progeny Growth"", ""description"": ""Removes hurdles in childbirth and children's success.""}, {""icon"": ""🤝"", ""title"": ""Family Bond"", ""description"": ""Establishes a vibration of love among living members.""}, {""icon"": ""🏠"", ""title"": ""Stability"", ""description"": ""Provides a sense of belonging and divine support at home.""}]",Authentic Ritual Process,"[{""step"": ""01"", ""title"": ""Pitru Sukta Path"", ""description"": ""Vedic recitation to invoke ancestral spirits.""}, {""step"": ""02"", ""title"": ""Pinda-Dan"", ""description"": ""Sacred offering of rice balls focused on specific lineage members.""}, {""step"": ""03"", ""title"": ""Vaitarni Pooja"", ""description"": ""Helping the soul cross the karmic river.""}, {""step"": ""04"", ""title"": ""Brahman-Bhojan"", ""description"": ""Feeding of scholars as a final act of charity in name of ancestors.""}]","[""Pinda Dan"",""Tarpana Seva"",""Gaya/Varanasi Vidhi""]",[],Divine Blessings,"[{""icon"": ""✨"", ""title"": ""Lineage Grace"", ""description"": ""Your children start reflecting higher qualities.""}, {""icon"": ""🌟"", ""title"": ""Mental Solace"", ""description"": ""Deep-seated feelings of guilt or lucklessness are removed.""}]",Best Time,"[""Amavasya"",""Pitru Paksha"",""Death Anniversaries"",""Solar Eclipse""]",Amavasya is the most powerful monthly window for this puja.,"[{""name"": ""Raghav M."", ""avatar"": ""RM"", ""rating"": 5, ""comment"": ""We were struggling with inheritance issues for a decade. After a proper Tarpana at Gaya, the matters were resolved amicably."", ""location"": ""Jaipur""}]","[{""answer"": ""Yes, we facilitate remote Pinda-dan where you join via video and the physical offering is made at Gaya or Varanasi."", ""question"": ""Can this be done from home?""}, {""answer"": ""A special 16-day lunar period dedicated specifically to ancestors, considered the best time for this puja."", ""question"": ""What is Pitru Paksha?""}]",white,,Spiritual Significance,Who Should Perform?,Healing the Tree,,,,,,,,,,,,,"[""Family Growth"",""Childbirth Success"",""Removal of Bad Luck""]",,,,,,,,Ancestral Remedy,Blessed By,Pitru Devtas,Swadha Namah,The Peace of Ancestors,Pitru Muhurat,Nourish Your Roots,A tree only grows as high as its roots are deep and healthy. Heal your lineage.,"[""Vedic Ritual"",""Blessings""]"
7ab3ec0e-3bd6-4b23-8f1a-5f260332f680,Hanuman Garhi Sindoor Pooja,hanuman-garhi-sindoor,"The Hanuman Garhi Sindoor Pooja is a sacred ritual performed at the historic fort-temple of Lord Hanuman in Ayodhya. Offering Sindoor (Vermilion) to Hanuman Ji symbolises his eternal devotion to Lord Ram and is believed to grant the devotee immense mental strength, protection from evil energies, and relief from the malefic effects of Shani (Saturn).",3100.00,"[""/pujaimages/HanumanGarhiSindoorPuja.png""]",Hanuman Garhi Sindoor Pooja | Ayodhya Protection Ritual | Book Online,"Book Hanuman Garhi Sindoor Pooja in Ayodhya. Authentic Vedic ritual for protection, health, and relief from Shani Dosha. Performed by expert priests. Receive prasad at home.",2026-02-17 10:42:34.589324+00,2026-02-20 07:05:20.607121+00,,,"{""default"": 0}",true,"Hanuman Garhi Sindoor Pooja, Ayodhya Hanuman Puja, Protection Ritual, Shani Shanti Pooja",,true,false,Invoking the Strength & Protection of the Monkey God,"In the Ramayana, Hanuman Ji applied Sindoor over his entire body to ensure Lord Ram's longevity. Performing this pooja establishes a deep connection with Hanuman Ji's protective energy.","Those seeking protection, career stability, or those facing difficult life phases (Shani Sadesati).",Why Perform this Pooja?,"[{""icon"": ""🛡️"", ""title"": ""Divine Protection"", ""description"": ""Creates a shield against hidden enemies and negative vibrations.""}, {""icon"": ""💪"", ""title"": ""Mental Fortitude"", ""description"": ""Removes fear and anxiety, replacing them with courage.""}, {""icon"": ""🪐"", ""title"": ""Shani Shanti"", ""description"": ""Pacifies the negative effects of Planet Saturn.""}, {""icon"": ""🔥"", ""title"": ""Inner Energy"", ""description"": ""Ignites the fire of devotion and spiritual growth.""}]",Authentic Ritual Process,"[{""step"": ""01"", ""title"": ""Sankalpam"", ""description"": ""Personalized vow with name and gotra by the priest at Hanuman Garhi.""}, {""step"": ""02"", ""title"": ""Sindoor Arpan"", ""description"": ""Special Vermilion mixed with jasmine oil is offered to Lord Hanuman.""}, {""step"": ""03"", ""title"": ""Chalisa Path"", ""description"": ""Chanting of Hanuman Chalisa by Vedic scholars.""}, {""step"": ""04"", ""title"": ""Maha Aarti"", ""description"": ""The grand lamps are waved to celebrate the deity's presence.""}, {""step"": ""05"", ""title"": ""Prasad Arpan"", ""description"": ""Gram flour laddoos are offered and then shared as blessings.""}]","[""Sindoor from Hanuman Garhi"",""Vedic Hanuman Chalisa Path"",""Prasad from Ayodhya""]",[],Divine Blessings,"[{""icon"": ""🦁"", ""title"": ""Courage"", ""description"": ""Attain the heart of a lion to face life's challenges.""}, {""icon"": ""🧘"", ""title"": ""Focus"", ""description"": ""Improved concentration and clarity in decision making.""}, {""icon"": ""🏠"", ""title"": ""Safety"", ""description"": ""Protect your home and family from evil eye.""}, {""icon"": ""✨"", ""title"": ""Grace"", ""description"": ""Receive the special grace of the supreme devotee.""}]",Auspicious Timing,"[""Tuesdays"",""Saturdays"",""Hanuman Jayanti"",""Sunrise Period""]",Most effective when performed on Tuesdays and Saturdays early in the morning.,"[{""name"": ""Vikram Singh"", ""avatar"": ""VS"", ""rating"": 5, ""comment"": ""The energy at Hanuman Garhi is unmatched. This pooja gave me great strength during my crisis."", ""location"": ""Ayodhya""}]","[{""answer"": ""The energized Sindoor prasad is shipped to your registered address via express courier."", ""question"": ""How do I receive the Sindoor?""}, {""answer"": ""Yes, we provide a live link for the Sankalpam and initial steps of the pooja."", ""question"": ""Can I watch it live?""}]",saffron,,Spiritual Significance,Who Should Perform?,What Devotees Say,,,,,,,,,,,,,"[""Strength & Fearlessness"",""Protection from Negativity"",""Saturn Dosha Relief""]",,,,,,,,Exclusive Ayodhya Ritual,Performed at,Hanuman Garhi Fort,Vajrate Bhaktim,Unwavering Devotion,Hanuman Garhi Muhurat,Invoke the Protector,Experience the raw power of Lord Hanuman from his own fort in Ayodhya.,"[""Power"",""Protection"",""Courage""]"
8da77fcf-10fc-4dca-8ea6-fce5742d5307,बंधा  व्यापार  खोलने  हेतु  प्रयोग,bandha-vyapar-kholne-hetu-prayog,शाबर  - सामग्री  - हवन  सामग्री  16  उपचार  पुजन    स्थान  -  शिवालय    समय  - नवरात्रि  / विशेष  पर्व / शुभ  नक्षत्र    अवधि  - 11 दिन    जप  - 1100 नित्य    तंत्र  का प्रभाव  नष्ट  करने  हेतु,26000.00,"[""http://mantrapuja.com/webroot/admin/upload/product/13-Feb-2018_product_thumb_img_711741891.png""]",बंधा  व्यापार  खोलने  हेतु  प्रयोग,"शाबर  - सामग्री  - हवन  सामग्री  16  उपचार  पुजन    स्थान  -  शिवालय    समय  - नवरात्रि  / विशेष  पर्व / शुभ  नक्षत्र    अवधि  - 11 दिन    जप  - 1100 ",2026-02-20 07:59:17.634866+00,2026-02-20 07:59:17.634866+00,,,"{""default"": 0}",true,,,false,false,Experience the divine blessings of बंधा  व्यापार  खोलने  हेतु  प्रयोग,"This sacred ritual holds immense spiritual significance, bringing peace, prosperity, and divine grace into your life.","Ideal for anyone seeking spiritual growth, overcoming obstacles, or inviting positive energy and success.",Why Perform this Puja?,"[{""icon"": ""🌟"", ""title"": ""Divine Blessings"", ""description"": ""Receive profound spiritual upliftment and divine grace.""}, {""icon"": ""🛡️"", ""title"": ""Obstacle Removal"", ""description"": ""Clear negativity and hurdles from your path to success.""}]",Our Authentic Ritual Process,"[{""title"": ""Sankalp & Purification"", ""description"": ""Taking the sacred vow and purifying the surroundings.""}, {""title"": ""Main Puja & Mantra Japa"", ""description"": ""Chanting of powerful mantras and offering prayers.""}, {""title"": ""Aarti & Blessings"", ""description"": ""Concluding with the divine Aarti and receiving blessings.""}]",,[],Divine Benefits,"[{""icon"": ""peace"", ""title"": ""Peace & Harmony"", ""description"": ""Invites tranquility and joy into your home.""}, {""icon"": ""🌟"", ""title"": ""Success & Growth"", ""description"": ""Opens new pathways for personal and professional growth.""}]",Best Time to Perform,,,[],[],saffron,,Spiritual Significance,Who Should Perform?,What Devotees Say,,शाबर  - सामग्री  - हवन  सामग्री  16  उपचार  पुजन    स्थान  -  शिवालय    समय  - नवरात्रि  / विशेष  पर्व / शुभ  नक्षत्र    अवधि  - 11 दिन    जप  - 1100 नित्य    तंत्र  का प्रभाव  नष्ट  करने  हेतु,,,,,,,,,,,,,,,,,,,,,,,,,,,[]
95498e00-82d5-4a5d-8906-3ac3d28daac5,Shani Shanti Puja,shani-shanti-remedy,"Lord Shani is the planet of justice and hard work. When he enters a difficult phase (Sadesati/Dhaiya), life can feel heavy and slow. This shanti ritual converts Shani's fierce scrutiny into protective discipline, leading to long-term stability and unmatched perseverance.",3500.00,,Book Shani Shanti Puja Online | Relief from Sadesati & Karma | Mantra Pooja,Resolve Saturn related delays with authentic Shani Shanti Puja. Mustard oil Abhishekam and Shani Chalisa path. Performed by expert Pandits.,2026-02-18 09:43:18.098994+00,2026-02-20 07:05:20.607121+00,,,"{""default"": 0}",true,"Shani Shanti, Sadesati Remedy, Saturn Puja, Career Stability",,true,false,Embrace Discipline & Release the Burden of Karma,Shani is not a punisher but a purifier. He removes our arrogance and leaves only the truth of our efforts.,"Those in Sadesati or Dhaiya phases, laborers, judges, and those facing persistent delays in work.",Why Perform Shani Shanti?,"[{""icon"": ""⚖️"", ""title"": ""Karmic Justice"", ""description"": ""Reduces the intensity of suffering due to past errors.""}, {""icon"": ""🏗️"", ""title"": ""Stability"", ""description"": ""Ensures that whatever you build now lasts for a lifetime.""}, {""icon"": ""🛡️"", ""title"": ""Mental Shield"", ""description"": ""Removes the fear of failure and the feeling of being stuck.""}]",Authentic Ritual Process,"[{""step"": ""01"", ""title"": ""Tila-Taila Snan"", ""description"": ""Abhishekam with black sesame and mustard oil.""}, {""step"": ""02"", ""title"": ""Shani Mahatmya Path"", ""description"": ""Listening to the stories of Shani Dev to align with his nature.""}, {""step"": ""03"", ""title"": ""Iron/Black Cloth Donation"", ""description"": ""Charity to pacify the energy of the planet.""}, {""step"": ""04"", ""title"": ""Hanuman Chanting"", ""description"": ""Invoking the only power Shani Dev bows to.""}]","[""Shani Chalisa"",""Mustard Oil Abhishekam"",""Iron Offering""]",[],Divine Blessings,"[{""icon"": ""🌟"", ""title"": ""Long Term Success"", ""description"": ""Results achieved after Shani Shanti are permanent and stable.""}, {""icon"": ""🧘"", ""title"": ""Patience"", ""description"": ""Attain the silence and focus needed for massive accomplishments.""}]",Best Time,"[""Saturdays"",""Shanishchari Amavasya"",""Birthdays""]",Saturdays are the day of Lord Shani.,"[{""name"": ""Deepak L."", ""avatar"": ""DL"", ""rating"": 5, ""comment"": ""Shanishchari Amavasya puja at Shani Shingnapur was managed so well by Mantra Pooja. Highly recommend."", ""location"": ""Pune""}]","[{""answer"": ""Never. Shani only asks for truth and hard work. The puja aligns you with his higher frequency of growth."", ""question"": ""Will Shani hurt me?""}, {""answer"": ""7.5 years. Performing a Shanti at the start and middle is advised."", ""question"": ""How long does Sadesati last?""}]",black,,Spiritual Significance,Who Should Perform?,The Power of Truth,,,,,,,,,,,,,"[""Discipline & Growth"",""Relief from Sadesati"",""Stable Income""]",,,,,,,,Saturn Remedy,Blessed By,Shani Dev,Neelanjana Samabhasam,The Great Taskmaster,Shani Muhurat,Order from Chaos,Align with the cosmic judge and build a legacy that stands the test of time.,"[""Planetary Relief"",""Dosha Nivaran"",""Protection""]"
9d3e0966-2291-4ed7-9d63-5717aec0b8e6,Lakshmi Puja,lakshmi-puja,"Lakshmi Puja is the sacred invocation of the Goddess of Wealth, Fortune, and Beauty. Performing this puja removes poverty and financial distress, ensuring a steady flow of income and abundance in your household or business.",3100.00,"[""/pujaimages/lakshmipuja.png""]",Book Lakshmi Puja Online | Invite Wealth & Prosperity | Mantra Pooja,Authentic Lakshmi Puja by Vedic Pandits for financial success and debt removal. Receive energised prasad at home.,2026-02-18 09:25:22.29235+00,2026-02-20 07:05:20.607121+00,,,"{""default"": 0}",true,"Lakshmi Puja, Wealth Ritual, Business Success, Finance Puja",,true,false,Invite Infinite Wealth & Material Prosperity,"Goddess Lakshmi is the Shakti of Lord Vishnu. Worshipping her brings not just money, but health, peace, and overall well-being.","Business owners, families seeking financial stability, and individuals starting new financial ventures.",Why Perform Lakshmi Puja?,"[{""icon"": ""💰"", ""title"": ""Wealth Flow"", ""description"": ""Ensures a steady and growing income source.""}, {""icon"": ""💎"", ""title"": ""Prosperity"", ""description"": ""Manifests material comforts and luxury.""}, {""icon"": ""🛡️"", ""title"": ""Debt Removal"", ""description"": ""Helps in clearing long-standing financial liabilities.""}]",Authentic Ritual Process,"[{""step"": ""01"", ""title"": ""Kalash Sthapana"", ""description"": ""Establishing the sacred pot representing the goddess.""}, {""step"": ""02"", ""title"": ""Lakshmi Avahana"", ""description"": ""Invoking the presence of Mata Lakshmi.""}, {""step"": ""03"", ""title"": ""Srisukta Path"", ""description"": ""Reciting the Vedic hymns for wealth.""}, {""step"": ""04"", ""title"": ""Deep Puja"", ""description"": ""Lighting lamps to guide prosperity into the home.""}]","[""Srisukta Path"",""Kamal Gatta Offering"",""Lakshmi Yantra Blessing""]",[],Divine Blessings,"[{""icon"": ""🌟"", ""title"": ""Abundance"", ""description"": ""Experience fullness in all aspects of life.""}, {""icon"": ""🏠"", ""title"": ""Peace"", ""description"": ""Establish a harmonious and happy home environment.""}]",Best Time,"[""Fridays"",""Purnima"",""Diwali"",""Dhanteras""]",Fridays and New Moon nights are most auspicious for wealth rituals.,"[{""name"": ""Ananya R."", ""avatar"": ""AR"", ""rating"": 5, ""comment"": ""After the Deepavali Lakshmi puja, our business saw a significant turnaround. The pandits were very professional."", ""location"": ""Surat""}]","[{""answer"": ""Absolutely. Lakshmi Puja is highly recommended for commercial spaces to invite growth and stable income."", ""question"": ""Can I perform this for my new office?""}, {""answer"": ""Mantra Pooja provides a complete kit. You only need to provide fresh flowers and sweets."", ""question"": ""What items are needed?""}]",gold,,Spiritual Significance,Who Should Perform?,What Devotees Say,,,,,,,,,,,,,"[""Financial Abundance"",""Business Growth"",""Debt Removal""]",,,,,,,,Prosperity Ritual,Blessed By,Mata Lakshmi,Dhana Lakshmi Sharanam,The Goddess of Wealth,Lakshmi Muhurat,Command Your Prosperity,Let the Goddess of Wealth illuminate your home and account with eternal abundance.,"[""Wealth"",""Prosperity"",""Abundance""]"
bdbedf52-42ff-4842-b7d0-98fc074bc9ac,Ganesh Puja,ganesh-puja-deity,"Ganesh Puja is the essential first ritual for any venture. Whether starting a business, moving to a new home, or beginning a major project, invoking Ganpati ensures a hurdle-free path and prosperous outcome.",2100.00,"[""/pujaimages/ganeshpuja.png""]",Book Ganesh Puja Online | Remove Obstacles & Invite Success | Mantra Pooja,Begin your journey with divine grace. Authentic Ganesh Puja by Vedic Pandits for obstacle removal and success. Book now for auspicious growth.,2026-02-18 09:25:22.29235+00,2026-02-20 07:05:20.607121+00,,,"{""default"": 0}",true,"Ganesh Puja, Success, Obstacle Removal, New Business Puja",,true,false,Remove Obstacles & Invite Auspicious Beginnings,Ganesha is the controller of the Muladhara chakra and the lord of obstacles. He is worshipped first among all deities.,"Anyone starting a new job, business, education, or facing persistent hurdles in life.",Why Perform Ganesh Puja?,"[{""icon"": ""🛡️"", ""title"": ""Obstacle Removal"", ""description"": ""Dissolves physical and energetic hurdles in your path.""}, {""icon"": ""💡"", ""title"": ""Wisdom"", ""description"": ""Grants the clarity of mind to make successful decisions.""}, {""icon"": ""💸"", ""title"": ""Stability"", ""description"": ""Ensures the steady growth of wealth and family happiness.""}]",Authentic Ritual Process,"[{""step"": ""01"", ""title"": ""Ganesh Sthapana"", ""description"": ""Invoking the presence of the lord in the idol or kalash.""}, {""step"": ""02"", ""title"": ""Atharvashirsha Path"", ""description"": ""Powerful Vedic recitation describing Ganesha's cosmic nature.""}, {""step"": ""03"", ""title"": ""Modak Offering"", ""description"": ""Propitiating the lord with his favorite sweets.""}, {""step"": ""04"", ""title"": ""Maha Aarti"", ""description"": ""Celebrating the arrival of success and removing darkness.""}]","[""Prana Pratishtha"",""108 Modak Arpan"",""Ganpati Atharvashirsha""]",[],Divine Blessings,"[{""icon"": ""✨"", ""title"": ""Auspiciousness"", ""description"": ""Every endeavor you start receives a divine boost.""}, {""icon"": ""🌈"", ""title"": ""Protection"", ""description"": ""A shield against unforeseen delays and losses.""}]",Best Time,"[""Wednesdays"",""Chaturthi Tithi"",""Ganesh Chaturthi"",""Morning""]",Performed at the start of any auspicious work or on every Wednesday.,"[{""name"": ""Rajesh V."", ""avatar"": ""RV"", ""rating"": 5, ""comment"": ""We started our new factory with a Ganpati Havan. The energy was electric and everything has been smooth since."", ""location"": ""Mumbai""}]","[{""answer"": ""No, Ganesh Puja is widely performed in offices, factories, and construction sites to ensure success."", ""question"": ""Is this only for homes?""}, {""answer"": ""Wednesdays and the 4th lunar day (Chaturthi) are considered most sacred."", ""question"": ""What is the best day?""}]",saffron,,Spiritual Significance,Who Should Perform?,Path of Success,,,,,,,,,,,,,"[""Obstacle Removal"",""Wisdom & Success"",""Financial Stability""]",,,,,,,,New Start Ritual,Blessed By,Lord Ganesha,Vakratunda Mahakaya,The Lord of New Beginnings,Siddhi Muhurat,Invincible Beginnings,Clear the path of your destiny with the wisdom of the Prathamesh.,"[""Success"",""New Beginnings"",""Obstacle Removal""]"
bfdc2fa0-f73c-4379-aa5f-cc9193c66e6d,Hanuman Puja,hanuman-puja,"Hanuman Puja invokes the energy of Lord Hanuman, the supreme devotee of Lord Ram. It is performed for protection from psychological fears, physical ailments, and spiritual obstacles.",2500.00,"[""/pujaimages/hanuman.png""]","Book Hanuman Puja Online | Strength, Health & Protection | Mantra Pooja",Ancient Hanuman Puja for courage and protection. Relief from Shani Dosha and health issues. Performed by Ayodhya Pandits.,2026-02-18 09:25:22.29235+00,2026-02-20 07:05:20.607121+00,,,"{""default"": 0}",true,"Hanuman Puja, Protection, Shani Shanti, Health Puja",,true,false,Shield Your Life with Strength & Courage,Hanuman is the avatar of Lord Shiva and represents the power of controlled life force (Prana).,"Those facing health issues, legal problems, or mental stress and anxiety.",Why Perform Hanuman Puja?,"[{""icon"": ""🛡️"", ""title"": ""Total Protection"", ""description"": ""Shields against dark energies and evil eye.""}, {""icon"": ""💪"", ""title"": ""Strength"", ""description"": ""Boosts physical stamina and mental courage.""}, {""icon"": ""🪐"", ""title"": ""Shani Relief"", ""description"": ""Pacifies the negative effects of Shani Dev.""}]",Authentic Ritual Process,"[{""step"": ""01"", ""title"": ""Sankalpam"", ""description"": ""Defining your protection needs and intent.""}, {""step"": ""02"", ""title"": ""Abhishekam"", ""description"": ""Sacred bathing of Hanuman Ji.""}, {""step"": ""03"", ""title"": ""Chalisa / Bajrang Baan"", ""description"": ""Powerful chanting session.""}, {""step"": ""04"", ""title"": ""Sindoor Puja"", ""description"": ""Offering of the sacred vermilion.""}]","[""Hanuman Chalisa Path"",""Sindoor Arpan"",""Chola Offering""]",[],Divine Blessings,"[{""icon"": ""🔥"", ""title"": ""Confidence"", ""description"": ""Face any life challenge with unmatched bravery.""}, {""icon"": ""🕊️"", ""title"": ""Peace"", ""description"": ""Freedom from internal and external enemies.""}]",Best Time,"[""Tuesdays"",""Saturdays"",""Hanuman Jayanti"",""Sunset Hours""]",Tuesdays and Saturdays are the traditional days for Hanuman worship.,"[{""name"": ""Priya D."", ""avatar"": ""PD"", ""rating"": 5, ""comment"": ""The Shani Shanti Hanuman puja was very impactful. I feel a lot more grounded and less anxious now."", ""location"": ""Indore""}]","[{""answer"": ""Yes, we ship the energized Sindoor and Hanuman Chalisa pocket-book to your home."", ""question"": ""Will I get the sindoor prasad?""}, {""answer"": ""During difficult phases, once every Tuesday for 11 weeks is highly recommended."", ""question"": ""How often should I do this?""}]",saffron,,Spiritual Significance,Who Should Perform?,Shield of Faith,,,,,,,,,,,,,"[""Fear Removal"",""Health & Vitality"",""Evil Eye Protection""]",,,,,,,,Protection Ritual,Blessed By,Bajrangbali,Sankat Mochan Hanumanta,The Eternal Protector,Sankat Mochan Muhurat,Become Invincible,Establish a sacred boundary around your family with the strength of the Mahaveer.,"[""Power"",""Protection"",""Success""]"
cfeda32a-330b-44ec-9ffb-6bb39273cae6,Budh Shanti Puja,budh-shanti-remedy,"Mercury (Budh) is the planet of commerce, communication, and neurological health. A strong Budh gives a sharp tongue and a calculating mind. This shanti is essential for anyone in sales, marketing, IT, or those facing skin and speech issues.",2800.00,,Book Budh Shanti Puja Online | Business Logic & Better Speech | Mantra Pooja,Activate your commerce energy with authentic Budh Shanti Puja. Ideal for traders and students. Performed by senior Vedic Acharyas.,2026-02-18 09:43:18.098994+00,2026-02-20 07:05:20.607121+00,,,"{""default"": 0}",true,"Budh Shanti, Mercury Remedy, Business Success, Speech Improvement",,false,false,"Sharpen Your Intellect, Logic & Communication",Budha represents the intellect (Buddhi). He is the bridge between our desires and our logical actions.,"Entrepreneurs, public speakers, writers, and students of mathematics or science.",Why Perform Budh Shanti?,"[{""icon"": ""📈"", ""title"": ""Commercial Success"", ""description"": ""Improves bargaining power and business logic.""}, {""icon"": ""🗣️"", ""title"": ""Eloquent Speech"", ""description"": ""Helps in public speaking and overcoming stammering.""}, {""icon"": ""🧠"", ""title"": ""Nerve Health"", ""description"": ""Stabilizes the nervous system and skin related issues.""}]",Authentic Ritual Process,"[{""step"": ""01"", ""title"": ""Budha Mandala"", ""description"": ""Worshipping the planet of commerce in the green grid.""}, {""step"": ""02"", ""title"": ""Green Grain Havan"", ""description"": ""Fire ritual with Moong dal and specialized herbs.""}, {""step"": ""03"", ""title"": ""Vishnu Sahasranama"", ""description"": ""Appeasing the lord of Mercury for higher stability.""}, {""step"": ""04"", ""title"": ""Charity to Orphanage"", ""description"": ""Act of giving to sustain the planet's grace.""}]","[""Budha Mantra Jaap"",""Green Moong Offering"",""Emerald/Green Crystal Blessing""]",[],Divine Blessings,"[{""icon"": ""💡"", ""title"": ""Sharp Wit"", ""description"": ""Quick thinking and successful negotiations become natural.""}, {""icon"": ""🌟"", ""title"": ""Network"", ""description"": ""Gain the power to build strong and profitable networks.""}]",Best Time,"[""Wednesdays"",""Budh-Ashtami"",""Daytime""]",Wednesdays are the dedicated day for Mercury worship.,"[{""name"": ""Meena K."", ""avatar"": ""MK"", ""rating"": 5, ""comment"": ""My son's speech was unclear. After the Budh Jaap through Mantra Pooja, we saw a visible difference in his communication."", ""location"": ""Lucknow""}]","[{""answer"": ""Budh is the planet of code and communication. It helps in precise logic and better coordination with teams."", ""question"": ""How does it help IT professionals?""}, {""answer"": ""Yes, every Wednesday Budh puja is the gold standard for marketing success."", ""question"": ""Can I do it for my business?""}]",green,,Spiritual Significance,Who Should Perform?,The Edge of Logic,,,,,,,,,,,,,"[""Business Logic"",""Student Focus"",""Nervous System Health""]",,,,,,,,Mercury Remedy,Blessed By,Lord Budha,Priyangava Gulikashyamam,The Prince of Planets,Budha Muhurat,Master the Word,Convert your confusion into strategy and your silence into influence.,"[""Vedic Ritual"",""Blessings""]"
d7984dae-0e9a-436d-bb34-0f3d769b42f0,Kali Puja,kali-puja-deity,"Kali Puja is a deep spiritual ritual meant to destroy the roots of darkness within and without. It is the most potent ritual for removing the effects of black magic, jealousy, and deep-seated fears.",5100.00,"[""/pujaimages/kalipuja.png""]",Book Kali Puja Online | Remove Black Magic & Evil | Mantra Pooja,The most potent ritual for removal of black magic and negativity. Authentic Kali Puja by Shakti experts. Book for complete protection.,2026-02-18 09:25:22.29235+00,2026-02-20 07:05:20.607121+00,,,"{""default"": 0}",true,"Kali Puja, Protection, Evil Eye, Black Magic Treatment",,false,false,Destroy the Roots of Ego & Evil,Kali is the embodiment of Time. She consumes everything that is false and illusory.,Those feeling attacked by negative energies or those seeking the highest spiritual liberation.,Why Perform Kali Puja?,"[{""icon"": ""🌑"", ""title"": ""Evil Eye Removal"", ""description"": ""Neutralizes the effects of negative projections.""}, {""icon"": ""🔥"", ""title"": ""Ego Death"", ""description"": ""Frees you from the limitations of the small self.""}, {""icon"": ""⚡"", ""title"": ""Rapid Progress"", ""description"": ""Clears the way for swift spiritual and material evolution.""}]",Authentic Ritual Process,"[{""step"": ""01"", ""title"": ""Kali Avahana"", ""description"": ""Inviting the mother of time.""}, {""step"": ""02"", ""title"": ""Beej Mantra Jaap"", ""description"": ""Secret sounds for activation of Shakti.""}, {""step"": ""03"", ""title"": ""Tantrik Archanam"", ""description"": ""High-vibration mantra-based worship.""}, {""step"": ""04"", ""title"": ""Maha Shanti Path"", ""description"": ""Transitioning the energy into peace.""}]","[""Dakshinakalika Mantra"",""Hibiscus Offering"",""Midnight Havan""]",[],Divine Blessings,"[{""icon"": ""🛡️"", ""title"": ""Absolute Safety"", ""description"": ""Nothing dark can touch the devotee of Kali.""}, {""icon"": ""🧘"", ""title"": ""Liberation"", ""description"": ""Break the chains of karma and rebirth.""}]",Best Time,"[""Saturdays"",""Amavasya"",""Kali Puja Night"",""Midnight""]",Amavasya (New Moon) nights are most powerful for Kali worship.,"[{""name"": ""Siddharth J."", ""avatar"": ""SJ"", ""rating"": 5, ""comment"": ""The Midnight Kali havan was an experience that cannot be described in words. I felt a heavy weight lift off my chest."", ""location"": ""Bengaluru""}]","[{""answer"": ""Our priests are Saumya-Tantrics. We only perform rituals aimed at protection and healing, never for harm."", ""question"": ""Is this puja safe?""}, {""answer"": ""We recommend conducting this at our specialized shakti-peeths via remote sankalpam for best safety and results."", ""question"": ""Can I do this at home?""}]",black,,Spiritual Significance,Who Should Perform?,Beyond the Shadows,,,,,,,,,,,,,"[""Black Magic Removal"",""Instant Protection"",""Fear Destruction""]",,,,,,,,Ferocious Protection,Blessed By,Maa Kali,Krim Krim Krim Hum Hum Hrim Hrim Swaha,The Destroyer of Ego,Kaala Muhurat,Conquer the Time,Walk into the fire of transformation and emerge as a soul beyond fear.,"[""Power"",""Victory"",""Protection""]"
f4e9ff32-0704-4d88-a19e-e1bdeeab9107,Saraswati Puja,saraswati-puja,"Saraswati Puja is dedicated to the deity of knowledge, music, art, and speech. It is essential for students, teachers, and artists to gain focus, memory power, and creative inspiration.",2100.00,"[""/pujaimages/saraswatipuja.png""]",Book Saraswati Puja Online | Success in Exams & Arts | Mantra Pooja,Gain knowledge and wisdom with authentic Saraswati Puja. Ideal for students and professional artists. Performed by Vedic scholars.,2026-02-18 09:25:22.29235+00,2026-02-20 07:17:50.17719+00,,,"{""default"": 0}",true,"Saraswati Puja, Exam Success, Music Puja, Wisdom Ritual",,true,false,"Attain Knowledge, Wisdom & Creative Brilliance",Saraswati represents the free flow of wisdom and consciousness. She is the mother of the Vedas.,"Students, artists, musicians, writers, and anyone seeking intellectual clarity.",Why Perform Saraswati Puja?,"[{""icon"": ""🎓"", ""title"": ""Academic Success"", ""description"": ""Enhances concentration and memory for exams.""}, {""icon"": ""🎨"", ""title"": ""Creative Flow"", ""description"": ""Removes blockages in artistic and creative pursuits.""}, {""icon"": ""🗣️"", ""title"": ""Speech Clarity"", ""description"": ""Blesses with the power of effective communication.""}]",Authentic Ritual Process,"[{""step"": ""01"", ""title"": ""Ganesh Puja"", ""description"": ""Invoking the remover of obstacles.""}, {""step"": ""02"", ""title"": ""Pustak Puja"", ""description"": ""Blessing of books and instruments of learning.""}, {""step"": ""03"", ""title"": ""Saraswati Mantra"", ""description"": ""Continuous chanting of Beej Mantras.""}, {""step"": ""04"", ""title"": ""Pushpanjali"", ""description"": ""Final floral offering to the goddess.""}]","[""Saraswati Stotra"",""Pen/Book Blessing"",""White Lotus Offering""]",[],Divine Blessings,"[{""icon"": ""🌈"", ""title"": ""Intellect"", ""description"": ""Attain sharp intelligence and deep wisdom.""}, {""icon"": ""✨"", ""title"": ""Mastery"", ""description"": ""Gain expertise in your chosen art or science.""}]",Best Time,"[""Thursdays"",""Vasant Panchami"",""Navratri (Maha Saptami)"",""Morning Hours""]",Vasant Panchami is the most powerful day for Saraswati worship.,"[{""name"": ""Rahul M."", ""avatar"": ""RM"", ""rating"": 5, ""comment"": ""The Vasant Panchami special puja for my daughter helped her concentrate much better on her board exams."", ""location"": ""Pune""}]","[{""answer"": ""No, it is for anyone seeking mental clarity, artistic breakthroughs, or better communication skills."", ""question"": ""Is this puja only for students?""}, {""answer"": ""Yes, priests can perform a special Shastra Puja for your tools (laptops, pens, musical instruments)."", ""question"": ""Can we bless local instruments?""}]",yellow,,Spiritual Significance,Who Should Perform?,Voices of Knowledge,,,,,,,,,,,,,"[""Academic Success"",""Creative Mastery"",""Artistic Growth""]",,,,,,,,Wisdom Ritual,Blessed By,Mata Saraswati,Vidya Dadati Vinayam,The Goddess of Learning,Vidya Muhurat,Awaken Your Genius,Illuminate the path of your intellect with the grace of the Mother of Wisdom.,"[""Education"",""Knowledge"",""Wisdom""]"
f5efcf8f-0bce-4bf4-a748-449130762493,Krishna Puja,krishna-puja,"Krishna Puja is the ritual of pure bliss and guidance. Whether seeking love (as Radha-Krishna) or wisdom in action (as the Gita Upadesh), Krishna provides the solution to every emotional and strategic crisis.",2500.00,"[""/pujaimages/krishnapuja.png""]","Book Krishna Puja Online | Love, Success & Inner Joy | Mantra Pooja",Invite joy and guidance into your life with authentic Krishna Puja. Ideal for relationship harmony and success. Performed by Vedic experts.,2026-02-18 09:25:22.29235+00,2026-02-20 07:05:20.607121+00,,,"{""default"": 0}",true,"Krishna Puja, Love, Success, Joy Ritual",,false,false,"Invoke Radical Love, Joy & Divine Guidance","Krishna is the Purna-Avatar (complete incarnation), representing the infinite play of the divine.","Couples, students of strategy, and those seeking to find joy in their daily life.",Why Perform Krishna Puja?,"[{""icon"": ""❤️"", ""title"": ""Relationship Love"", ""description"": ""Harmonizes bonds and attracts pure affection.""}, {""icon"": ""🏹"", ""title"": ""Strategic Success"", ""description"": ""Gain the mental edge to win in competition.""}, {""icon"": ""🎶"", ""title"": ""Inner Bliss"", ""description"": ""Removes depression and fills life with music and joy.""}]",Authentic Ritual Process,"[{""step"": ""01"", ""title"": ""Bal Gopal Puja"", ""description"": ""Worshipping the childlike innocence of Krishna.""}, {""step"": ""02"", ""title"": ""Geeta Path"", ""description"": ""Reading of selected verses for guidance.""}, {""step"": ""03"", ""title"": ""Alankaram"", ""description"": ""Decorating the deity with jewels and feathers.""}, {""step"": ""04"", ""title"": ""Madhur Aarti"", ""description"": ""Emotional devotional songs.""}]","[""Gopal Sahasranama"",""Peacock Feather Arpan"",""Butter Offering""]",[],Divine Blessings,"[{""icon"": ""🌟"", ""title"": ""Guidance"", ""description"": ""Receive the Lord's direction in your life's battle.""}, {""icon"": ""🍭"", ""title"": ""Sweetness"", ""description"": ""Experience a life filled with laughter and grace.""}]",Best Time,"[""Wednesdays"",""Ashtami Tithi"",""Janmashtami"",""Morning/Dawn""]",Rohini Nakshatra and Ashtami days are highly auspicious.,"[{""name"": ""Meera S."", ""avatar"": ""MS"", ""rating"": 5, ""comment"": ""The Bal Gopal puja for our new born was so sweet and soulful. We felt the presence of Kanha."", ""location"": ""Mathura""}]","[{""answer"": ""Krishna is the master of strategy (Arjuna's Charioteer). His puja helps in clear-headed decision making."", ""question"": ""How does this help in business?""}, {""answer"": ""Yes, Radha-Krishna puja is the standard for attracting or healing love relationships."", ""question"": ""Can I perform this for marriage?""}]",blue,,Spiritual Significance,Who Should Perform?,The Flute of Bliss,,,,,,,,,,,,,"[""Love & Relationships"",""Success in Action"",""Inner Joy""]",,,,,,,,Joy Ritual,Blessed By,Lord Krishna,Vasudeva Sutam Devam,The Divine Charioteer,Krishna Muhurat,Dance with Destiny,Remove the burden of life and find the playfulness of the divine within.,"[""Peace"",""Harmony"",""Family""]"
f8c96f3a-3b22-4419-b61e-1aba0273edd2,Mangal Dosh Nivaran,mangal-dosh-nivaran,"Mangal Dosh (Kuja Dosha) occurs when Mars is placed in specific houses. It can cause delays in marriage or friction in relationships. This ritual pacifies the aggressive nature of Mars, turning it into a force for constructive success and property growth.",4500.00,,Book Mangal Dosh Puja Online | Marriage & Property Success | Mantra Pooja,Resolve Kuja Dosha hurdles with authentic Mangal Dosh Nivaran. Specialized Ujjain style rituals for marital harmony. Performed by Vedic experts.,2026-02-18 09:43:18.098994+00,2026-02-20 07:32:48.811113+00,,,"{""default"": 0}",true,"Mangal Dosh, Mars Remedy, Marriage Hurdles, Property Success",,false,false,Dissolve Marital Hurdles & Fierce Energy,"Mars is the son of Mother Earth. He represents our courage and drive. When pacified, he gives stability and land-wealth.","Those with Mangal Dosh in their horoscope, couples with relationship friction, and those facing property disputes.",Why Perform Mangal Dosh Puja?,"[{""icon"": ""💒"", ""title"": ""Marriage Stability"", ""description"": ""Removes hurdles in finding a partner and ensures a smooth married life.""}, {""icon"": ""🏗️"", ""title"": ""Land & Property"", ""description"": ""Clears legal and energetic blocks to owning or selling land.""}, {""icon"": ""⚔️"", ""title"": ""Friction Control"", ""description"": ""Reduces short-temperedness and impulsive decision-making.""}]",Authentic Ritual Process,"[{""step"": ""01"", ""title"": ""Ganpati & Gauri Puja"", ""description"": ""Initial blessings for a smooth ritual.""}, {""step"": ""02"", ""title"": ""Mangal Grah Shanti Jaap"", ""description"": ""10,000+ chants targeted at pacifying Mars.""}, {""step"": ""03"", ""title"": ""Bhat Puja"", ""description"": ""Specialized offerings of cooked rice and curd (traditionally Ujjain style).""}, {""step"": ""04"", ""title"": ""Arghya Offering"", ""description"": ""Final water offering to the red planet.""}]","[""Mangal Mantra Jaap"",""Red Lentil Offering"",""Bhat Puja (Ujjain Style)""]",[],Divine Blessings,"[{""icon"": ""🛡️"", ""title"": ""Security"", ""description"": ""Protection from sudden accidents or surgery.""}, {""icon"": ""💰"", ""title"": ""Debt Recovery"", ""description"": ""Helps in recovering long-stuck financial dues.""}]",Best Time,"[""Tuesdays"",""Angarak Sankashti"",""Mars Transit Days""]",Tuesdays are the supreme day for pacifying Mars.,"[{""name"": ""Vikram S."", ""avatar"": ""VS"", ""rating"": 5, ""comment"": ""My marriage was getting delayed for years. Within 3 months of performing the Mangal Dosh puja, I found my partner."", ""location"": ""Nagpur""}]","[{""answer"": ""Bhat Puja involves offering rice to Lord Mahakaleshwar or Mangalnath (Ujjain style) to absorb the heat of Mars."", ""question"": ""What is Bhat Puja?""}, {""answer"": ""One major Mangal Shanti is usually enough, followed by simple Tuesday prayers."", ""question"": ""Is it for life?""}]",red,,Spiritual Significance,Who Should Perform?,Stability Restored,,,,,,,,,,,,,"[""Marital Harmony"",""Property Success"",""Debt Solution""]",,,,,,,,Mars Remedy,Blessed By,Mangal Dev (Mars),Mangalo Bhumi-Putrashcha,The Power of Mars,Mangal Muhurat,Harness the Red Planet,Turn your obstacles into drive-power with the grace of the Bhumi-Putra.,"[""Planetary Relief"",""Dosha Nivaran"",""Protection""]"
fc9adfbc-d99b-462f-8f08-6c400abfcd15,Navagraha Puja,navagraha-shanti-remedy,Navagraha Puja is the essential ritual to pacify and harmonize the energy of the nine planets in your horoscope. It removes 'Grah-Dosh' and ensures that your celestial influences work in your favor rather than against you.,5100.00,"[""/pujaimages/navgrahapuja.png""]",Book Navagraha Puja Online | Balance Your Planets & Destiny | Mantra Pooja,Authentic Navagraha Puja to pacify all nine planets. Remove Grah Dosha and invite good luck. Performed by expert astrologer-pandits.,2026-02-18 09:43:18.098994+00,2026-02-20 07:05:20.607121+00,,,"{""default"": 0}",true,"Navagraha Puja, Planetary Balance, Luck, Astrology Puja",,true,false,Balance the Nine Cosmic Forces of Your Life,The nine planets are the administrators of our Karma. Adjusting their energy can shift our life outcomes significantly.,"Anyone undergoing a difficult Dasha, facing recurring bad luck, or suffering from unexplained mental stress.",Why Perform Navagraha Puja?,"[{""icon"": ""🪐"", ""title"": ""Destiny Control"", ""description"": ""Mitigates the negative dashas and enhances lucky periods.""}, {""icon"": ""😌"", ""title"": ""Mental Stability"", ""description"": ""Reduces the influence of Moon and Rahu on the mind.""}, {""icon"": ""📈"", ""title"": ""Growth"", ""description"": ""Opens the doors of opportunity by removing planetary blocks.""}]",Authentic Ritual Process,"[{""step"": ""01"", ""title"": ""Planetary Avahana"", ""description"": ""Calling upon the nine cosmic deities.""}, {""step"": ""02"", ""title"": ""Samidha Offering"", ""description"": ""Grains and sticks for each specific planet.""}, {""step"": ""03"", ""title"": ""Navagraha Shanti Jaap"", ""description"": ""Continuous chanting for all 9 planets.""}, {""step"": ""04"", ""title"": ""Abhishekam"", ""description"": ""Bathing the Navagraha Yantra.""}]","[""Navagraha Havan"",""Navagraha Stotra"",""Planet Specific Grains""]",[],Divine Blessings,"[{""icon"": ""🌟"", ""title"": ""Good Fortune"", ""description"": ""Experience a sudden turn of luck in your favor.""}, {""icon"": ""🛡️"", ""title"": ""Shielding"", ""description"": ""Protection from sudden accidents or planetary mishaps.""}]",Best Time,"[""Any Auspicious Day"",""Sankranti"",""Eclipse Day"",""Birthdays""]",Performed on birthdays or specific planetary transit days for best results.,"[{""name"": ""Deepak T."", ""avatar"": ""DT"", ""rating"": 5, ""comment"": ""After the Navagraha Shanti, a project that was stuck for 2 years suddenly cleared up in 2 weeks."", ""location"": ""Noida""}]","[{""answer"": ""It is helpful. Our pandits can also perform a general shanti for all 9 planets if details are missing."", ""question"": ""Do I need my birth chart?""}, {""answer"": ""Yes, we offer specialized single-planet pujas (e.g., Shani Shanti or Budh Puja)."", ""question"": ""Can I do only one planet?""}]",rainbow,,Spiritual Significance,Who Should Perform?,Harmony of the Heavens,,,,,,,,,,,,,"[""Planetary Balance"",""Sudden Luck"",""Mental Stress Relief""]",,,,,,,,Destiny Balancing,Blessed By,Nine Planets,Adityaya Somaya Mangalaya Budhaya Cha,The Nine Celestial Powers,Grah Muhurat,Align Your Stars,Don't let planetary blocks hold back your potential. Reset your cosmic clock.,"[""Planetary Relief"",""Dosha Nivaran"",""Protection""]"